Area,Code,All categories: Ethnic group,White: Total,White: English/Welsh/Scottish/Northern Irish/British,White: Irish,White: Gypsy or Irish Traveller,White: Other White,Mixed/multiple ethnic group: Total,Mixed/multiple ethnic group: White and Black Caribbean,Mixed/multiple ethnic group: White and Black African,Mixed/multiple ethnic group: White and Asian,Mixed/multiple ethnic group: Other Mixed,Asian/Asian British: Total,Asian/Asian British: Indian,Asian/Asian British: Pakistani,Asian/Asian British: Bangladeshi,Asian/Asian British: Chinese,Asian/Asian British: Other Asian,Black/African/Caribbean/Black British: Total,Black/African/Caribbean/Black British: African,Black/African/Caribbean/Black British: Caribbean,Black/African/Caribbean/Black British: Other Black,Other ethnic group: Total,Other ethnic group: Arab,Other ethnic group: Any other ethnic group
Darlington,E06000005,"105,564","101,595","98,898",328,350,"2,019","1,146",463,97,350,236,"2,205",726,145,523,349,462,357,206,105,46,261,112,149
County Durham,E06000047,"513,242","503,769","495,664","1,229",467,"6,409","3,094",969,321,"1,093",711,"4,856","1,368",463,241,"1,598","1,186",701,447,158,96,822,459,363
Hartlepool,E06000001,"92,028","89,899","88,924",193,40,742,550,180,54,173,143,"1,304",266,291,214,229,304,170,129,36,5,105,57,48
Middlesbrough,E06000002,"138,412","122,055","119,106",574,85,"2,290","2,362",541,452,904,465,"10,768","1,477","6,811",244,904,"1,332","1,731","1,470",92,169,"1,496",950,546
Northumberland,E06000057,"316,028","311,066","307,097",833,156,"2,980","1,692",515,230,624,323,"2,658",939,351,295,452,621,338,193,114,31,274,73,201
Redcar and Cleveland,E06000003,"135,177","133,203","131,928",415,85,775,853,298,107,273,175,869,91,295,94,155,234,122,80,34,8,130,37,93
Stockton-on-Tees,E06000004,"191,610","181,299","178,965",536,143,"1,655","1,997",419,316,823,439,"6,632","1,488","3,072",132,866,"1,074","1,133",936,84,113,549,236,313
Gateshead,E08000037,"200,214","192,742","188,355",592,87,"3,708","1,558",412,260,523,363,"3,738",916,617,242,"1,054",909,"1,081",903,90,88,"1,095",289,806
Newcastle upon Tyne,E08000021,"280,177","239,533","229,520","1,826",163,"8,024","4,279",830,859,"1,609",981,"27,107","5,072","6,364","4,692","6,037","4,942","5,160","4,664",217,279,"4,098","2,602","1,496"
North Tyneside,E08000022,"200,801","194,025","190,936",596,29,"2,464","1,815",448,385,602,380,"3,815","1,095",319,686,869,846,734,576,91,67,412,177,235
South Tyneside,E08000023,"148,127","142,099","140,821",305,9,964,"1,325",324,229,440,332,"3,311",643,434,"1,534",235,465,420,316,61,43,972,566,406
Sunderland,E08000024,"275,506","264,282","261,209",608,70,"2,395","1,778",539,239,608,392,"7,336","1,736",669,"2,075","1,536","1,320","1,273","1,062",111,100,837,292,545
Blackburn with Darwen,E06000008,"147,489","102,009","98,144",794,161,"2,910","1,823",315,162,989,357,"41,494","19,791","17,801","1,525",721,"1,656",933,614,202,117,"1,230",585,645
Blackpool,E06000009,"142,065","137,339","133,042","1,029",237,"3,031","1,753",690,264,448,351,"2,282",627,223,231,514,687,346,183,111,52,345,170,175
Cheshire East,E06000049,"370,127","357,940","346,264","2,241",313,"9,122","3,873","1,341",461,"1,293",778,"6,060","2,147",856,504,"1,125","1,428","1,402",664,511,227,852,338,514
Cheshire West and Chester,E06000050,"329,608","321,025","312,013","2,337",213,"6,462","3,050",889,411,"1,059",691,"4,097","1,242",336,576,935,"1,008",908,586,196,126,528,199,329
Halton,E06000006,"125,746","123,041","121,210",654,41,"1,136","1,356",465,253,330,308,943,282,44,60,308,249,260,95,134,31,146,54,92
Warrington,E06000007,"202,228","193,992","187,968","1,357",66,"4,601","2,144",654,357,663,470,"4,911","1,803","1,179",152,849,928,694,389,214,91,487,237,250
Cumbria,E10000006,"499,858","492,257","482,124","1,552",315,"8,266","2,504",751,314,881,558,"4,066",892,316,486,"1,153","1,219",579,373,141,65,452,153,299
Bolton,E08000001,"276,786","226,645","219,794","1,694",214,"4,943","4,892","1,576",678,"1,826",812,"38,749","21,665","12,026",614,"1,423","3,021","4,652","3,451",608,593,"1,848",727,"1,121"
Bury,E08000002,"185,060","165,032","157,897","2,357",72,"4,706","3,365","1,307",444,"1,005",609,"13,407","1,387","9,002",311,"1,100","1,607","1,893","1,116",593,184,"1,363",465,898
Manchester,E08000003,"503,127","335,109","298,237","11,843",509,"24,520","23,161","8,877","4,397","4,791","5,096","85,986","11,417","42,904","6,437","13,539","11,689","43,484","25,718","9,642","8,124","15,387","9,503","5,884"
Oldham,E08000004,"224,897","174,326","169,955","1,484",62,"2,825","4,057","1,950",440,"1,131",536,"43,165","1,555","22,686","16,310",726,"1,888","2,797","1,640",839,318,552,154,398
Rochdale,E08000005,"211,699","172,874","166,481","2,131",186,"4,076","3,569","1,057",601,"1,348",563,"31,630","1,105","22,265","4,342",948,"2,970","2,770","2,131",285,354,856,308,548
Salford,E08000006,"233,933","210,862","197,445","2,882",193,"10,342","4,616","1,647","1,058",929,982,"9,429","2,553","1,843",605,"2,547","1,881","6,541","5,354",666,521,"2,485","1,425","1,060"
Stockport,E08000007,"283,275","260,819","252,044","3,938",58,"4,779","5,104","1,734",775,"1,460","1,135","13,762","2,786","6,673",705,"1,722","1,876","1,958",976,745,237,"1,632",727,905
Tameside,E08000008,"219,324","199,429","194,115","1,613",38,"3,663","3,159","1,310",506,849,494,"14,553","3,668","4,910","4,296",951,728,"1,784","1,188",371,225,399,154,245
Trafford,E08000009,"226,578","193,834","182,200","5,098",40,"6,496","6,031","2,658",669,"1,535","1,169","17,973","6,306","7,027",457,"2,232","1,951","6,540","1,807","3,802",931,"2,200","1,259",941
Wigan,E08000010,"317,849","309,193","303,519","1,459",151,"4,064","2,756","1,015",429,783,529,"3,519","1,019",676,109,891,824,"1,678","1,310",216,152,703,304,399
Lancashire,E10000017,"1,171,339","1,080,687","1,050,340","7,125",821,"22,401","12,724","4,573","1,279","4,571","2,301","71,054","19,212","36,103","5,811","4,811","5,117","4,098","1,891","1,789",418,"2,776","1,387","1,389"
Knowsley,E08000011,"145,893","141,858","140,135",747,6,970,"1,913",683,517,375,338,"1,403",467,81,10,446,399,505,297,127,81,214,98,116
Liverpool,E08000012,"466,415","414,671","395,485","6,729",185,"12,272","11,756","3,473","3,164","2,283","2,836","19,403","4,915","1,999","1,075","7,978","3,436","12,308","8,490","1,467","2,351","8,277","5,629","2,648"
Sefton,E08000014,"273,790","266,741","259,629","2,312",120,"4,680","2,820",830,488,760,742,"2,719",666,127,308,965,653,796,464,223,109,714,327,387
St. Helens,E08000013,"175,308","171,877","169,346",887,69,"1,575","1,179",445,167,271,296,"1,764",504,133,122,512,493,248,152,60,36,240,117,123
Wirral,E08000015,"319,783","310,156","303,682","2,667",77,"3,730","3,286",964,558,949,815,"5,116","1,344",226,851,"1,653","1,042",695,389,189,117,530,208,322
East Riding of Yorkshire,E06000011,"334,179","327,789","321,309",908,227,"5,345","2,301",683,367,785,466,"2,961","1,081",396,69,660,755,598,355,175,68,530,289,241
"Kingston upon Hull, City of",E06000010,"256,406","241,321","229,920",550,284,"10,567","3,454",871,821,945,817,"6,471","1,086",882,755,"2,124","1,624","2,996","2,472",236,288,"2,164","1,134","1,030"
North East Lincolnshire,E06000012,"159,616","155,421","152,240",414,26,"2,741","1,186",381,161,369,275,"2,129",513,195,268,605,548,411,306,71,34,469,265,204
North Lincolnshire,E06000013,"167,446","160,748","154,526",727,90,"5,405","1,244",341,166,451,286,"4,549","1,122",862,"1,443",530,592,494,365,64,65,411,173,238
York,E06000014,"198,051","186,731","178,613","1,103",269,"6,746","2,413",529,305,873,706,"6,740","1,531",417,370,"2,449","1,973","1,194",903,205,86,973,498,475
North Yorkshire,E10000023,"598,376","582,475","565,055","2,381",588,"14,451","5,043","1,315",662,"1,821","1,245","7,356","1,631",894,275,"1,733","2,823","2,424","1,428",372,624,"1,078",357,721
Barnsley,E08000016,"231,221","226,285","222,164",567,163,"3,391","1,630",644,178,434,374,"1,661",442,211,60,440,508,"1,221",995,149,77,424,168,256
Doncaster,E08000017,"302,402","288,066","277,740","1,183",587,"8,556","3,321","1,413",440,877,591,"7,614","1,865","2,728",117,"1,121","1,783","2,337","1,309",778,250,"1,064",231,833
Rotherham,E08000018,"257,280","240,758","236,438",776,126,"3,418","2,551",787,301,865,598,"10,551",961,"7,609",109,592,"1,280","2,112","1,672",283,157,"1,308",581,727
Sheffield,E08000019,"552,698","462,544","446,837","2,891",358,"12,458","13,289","5,450","1,296","3,490","3,053","44,385","5,868","21,990","3,326","7,398","5,803","20,082","11,543","5,506","3,033","12,398","8,432","3,966"
Bradford,E08000032,"522,452","352,317","333,628","2,541",433,"15,715","12,979","4,663",875,"5,677","1,764","140,149","13,555","106,614","9,863","2,086","8,031","9,267","4,993","3,581",693,"7,740","3,714","4,026"
Calderdale,E08000033,"203,826","182,787","176,732","1,795",80,"4,180","2,797","1,097",247,907,546,"16,875","1,130","13,904",574,459,808,899,479,320,100,468,111,357
Kirklees,E08000034,"422,458","334,270","323,890","2,635",158,"7,587","9,790","5,167",641,"2,714","1,268","67,782","20,797","41,802",731,"1,452","3,000","7,905","2,364","4,626",915,"2,711","1,214","1,497"
Leeds,E08000035,"751,485","639,487","609,714","7,031",687,"22,055","19,632","8,813","2,493","4,906","3,420","58,243","16,130","22,492","4,432","5,933","9,256","25,893","14,894","6,728","4,271","8,230","3,791","4,439"
Wakefield,E08000036,"325,837","310,957","302,331",908,302,"7,416","2,928","1,087",368,894,579,"8,498","1,540","4,896",32,853,"1,177","2,512","1,955",326,231,942,382,560
Derby,E06000015,"248,752","199,751","187,386","2,319",295,"9,751","7,232","3,916",533,"1,772","1,011","31,095","10,907","14,620",658,"1,292","3,618","7,320","3,156","3,405",759,"3,354",861,"2,493"
Leicester,E06000016,"329,839","166,636","148,629","2,524",417,"15,066","11,580","4,691","1,161","3,388","2,340","122,470","93,335","8,067","3,642","4,245","13,181","20,585","12,480","4,790","3,315","8,568","3,311","5,257"
Nottingham,E06000018,"305,680","218,698","199,990","2,819",326,"15,563","20,265","12,166","2,004","3,304","2,791","40,039","9,901","16,771","1,049","5,988","6,330","22,185","9,877","9,382","2,926","4,493","2,372","2,121"
Rutland,E06000017,"37,369","36,301","35,241",217,58,785,389,123,23,141,102,365,113,38,7,125,82,251,116,107,28,63,5,58
Derbyshire,E10000007,"769,686","750,094","737,034","3,154",311,"9,595","7,119","3,173",678,"2,053","1,215","8,795","4,132",979,229,"1,727","1,728","2,770","1,303","1,153",314,908,251,657
Leicestershire,E10000018,"650,489","594,767","578,432","3,528",411,"12,396","8,551","3,024",714,"3,262","1,551","40,777","28,598","2,099","2,313","3,502","4,265","3,787","1,990","1,379",418,"2,607",866,"1,741"
Lincolnshire,E10000019,"713,653","696,484","663,741","3,278",617,"28,848","6,190","2,073",815,"1,798","1,504","7,316","2,474",584,496,"1,737","2,025","2,561","1,540",661,360,"1,102",420,682
Northamptonshire,E10000021,"691,952","632,822","592,755","6,704",527,"32,836","14,182","6,064","1,925","3,251","2,942","25,427","12,264","2,312","4,264","2,846","3,741","16,923","9,552","5,254","2,117","2,598",845,"1,753"
Nottinghamshire,E10000024,"785,802","750,803","727,938","4,133",456,"18,276","10,716","5,174",961,"2,719","1,862","17,139","7,204","3,470",600,"2,942","2,923","5,102","1,754","2,782",566,"2,042",815,"1,227"
"Herefordshire, County of",E06000019,"183,477","180,169","171,922",709,363,"7,175","1,270",407,146,415,302,"1,439",490,80,32,277,560,331,160,103,68,268,105,163
Shropshire,E06000051,"306,129","299,874","292,047","1,410",312,"6,105","2,168",765,231,669,503,"3,089",752,216,208,"1,020",893,580,302,164,114,418,179,239
Stoke-on-Trent,E06000021,"249,008","220,712","215,222",636,183,"4,671","4,491","1,892",559,"1,347",693,"18,442","2,329","10,429","1,097","1,224","3,363","3,741","2,536",834,371,"1,622",408,"1,214"
Telford and Wrekin,E06000020,"166,641","154,415","149,096",729,166,"4,424","2,983","1,423",278,799,483,"6,991","3,076","2,243",162,647,863,"1,779","1,023",607,149,473,86,387
Staffordshire,E10000028,"848,489","811,615","793,809","3,853",433,"13,520","9,604","4,572",675,"2,708","1,649","20,656","6,452","7,023",651,"2,726","3,804","4,810","1,735","2,446",629,"1,804",569,"1,235"
Warwickshire,E10000031,"545,474","505,688","482,607","5,216",494,"17,371","7,949","3,090",698,"2,606","1,555","25,096","16,435","1,728",284,"2,349","4,300","4,443","2,173","1,733",537,"2,298",467,"1,831"
Birmingham,E08000025,"1,073,045","621,636","570,217","22,021",408,"28,990","47,605","24,720","3,223","11,186","8,476","285,640","64,621","144,627","32,532","12,712","31,148","96,360","29,991","47,641","18,728","21,804","10,910","10,894"
Coventry,E08000026,"316,960","234,029","211,188","7,305",151,"15,385","8,230","3,672",943,"2,388","1,227","51,598","27,751","9,510","2,951","3,728","7,658","17,764","12,836","3,317","1,611","5,339","2,020","3,319"
Dudley,E08000027,"312,925","281,607","277,050","1,170",352,"3,035","5,758","3,477",250,"1,277",754,"18,942","5,737","10,339",397,876,"1,593","4,671","1,402","2,658",611,"1,947","1,259",688
Sandwell,E08000028,"308,063","215,471","202,822","2,045",141,"10,463","10,199","6,163",515,"2,043","1,478","59,258","31,400","13,952","6,588",839,"6,479","18,357","4,396","11,382","2,579","4,778",901,"3,877"
Solihull,E08000029,"206,674","184,244","177,248","3,935",70,"2,991","4,404","2,395",247,"1,156",606,"13,561","7,098","3,413",633,906,"1,511","3,239",852,"1,930",457,"1,226",358,868
Walsall,E08000030,"269,323","212,469","207,238","1,181",287,"3,763","7,224","4,312",321,"1,754",837,"41,022","16,502","14,289","5,194",993,"4,044","6,369","1,999","3,197","1,173","2,239",222,"2,017"
Wolverhampton,E08000031,"249,470","169,682","160,945","1,526",209,"7,002","12,784","8,495",554,"2,160","1,575","44,960","32,162","4,415",432,"1,376","6,575","17,309","4,081","9,507","3,721","4,735",359,"4,376"
Worcestershire,E10000034,"566,169","542,058","522,922","3,480","1,165","14,491","7,045","3,150",592,"2,053","1,250","13,741","3,634","4,984","1,316","1,601","2,206","2,372",767,"1,275",330,953,236,717
Bedford,E06000055,"157,479","126,846","112,588","1,683",115,"12,460","5,386","2,396",587,"1,366","1,037","17,932","8,122","3,270","3,225",905,"2,410","6,202","2,741","2,843",618,"1,113",331,782
Central Bedfordshire,E06000056,"254,381","238,722","228,053","3,149",478,"7,042","4,789","1,787",522,"1,474","1,006","6,402","2,533",442,214,"1,404","1,809","3,614","2,054","1,230",330,854,357,497
Luton,E06000032,"203,201","111,079","90,530","6,126",198,"14,225","8,281","3,831",915,"1,805","1,730","60,952","10,625","29,353","13,606","1,497","5,871","19,909","9,169","8,177","2,563","2,980","1,646","1,334"
Peterborough,E06000031,"183,631","151,544","130,232","1,257",560,"19,495","4,948","1,542",827,"1,384","1,195","21,492","4,636","12,078",229,872,"3,677","4,164","2,480","1,174",510,"1,483",428,"1,055"
Southend-on-Sea,E06000033,"173,658","159,023","151,136","1,496",162,"6,229","3,651","1,039",741,977,894,"6,440","1,810","1,059",933,"1,084","1,554","3,647","2,728",524,395,897,297,600
Thurrock,E06000034,"157,705","135,429","127,587","1,108",308,"6,426","3,099","1,056",670,683,690,"5,927","2,234",534,682,828,"1,649","12,323","9,742","1,336","1,245",927,254,673
Cambridgeshire,E10000003,"621,210","574,987","524,617","4,908","1,508","43,954","11,081","2,510","1,385","3,895","3,291","25,638","7,430","2,373","2,562","6,723","6,550","6,010","3,426","1,647",937,"3,494","1,370","2,124"
Essex,E10000012,"1,393,587","1,313,856","1,264,877","11,165","2,161","35,653","20,885","6,936","2,801","6,173","4,975","34,860","12,456","3,462","2,747","6,361","9,834","18,709","12,143","4,556","2,010","5,277","2,042","3,235"
Hertfordshire,E10000015,"1,116,062","977,495","902,006","17,260","1,149","57,080","27,497","8,899","3,250","8,703","6,645","72,581","28,848","12,302","5,608","8,462","17,361","31,401","19,722","8,713","2,966","7,088","2,359","4,729"
Norfolk,E10000020,"857,888","828,018","793,086","3,677",922,"30,333","10,027","2,493","1,905","2,979","2,650","13,017","4,043",700,933,"3,208","4,133","4,609","3,096",905,608,"2,217",963,"1,254"
Suffolk,E10000029,"728,163","693,195","661,458","3,744",604,"27,389","12,472","4,733","1,785","2,787","3,167","13,131","3,999",697,"2,253","2,159","4,023","6,854","2,624","2,509","1,721","2,511",320,"2,191"
Camden,E09000007,"220,338","146,055","96,937","7,053",167,"41,898","12,322","2,494","1,800","3,880","4,148","35,446","6,083","1,489","12,503","6,493","8,878","18,060","10,802","3,496","3,762","8,455","3,432","5,023"
City of London,E09000001,"7,375","5,799","4,243",180,3,"1,373",289,38,37,111,103,940,216,16,232,263,213,193,98,46,49,154,69,85
Hackney,E09000012,"246,270","134,617","89,030","5,216",474,"39,897","15,869","4,989","2,866","3,020","4,994","25,867","7,599","1,905","6,180","3,436","6,747","56,858","27,976","19,168","9,714","13,059","1,721","11,338"
Hammersmith and Fulham,E09000013,"182,493","124,222","81,989","6,321",217,"35,695","10,044","2,769","1,495","2,649","3,131","16,635","3,451","1,612","1,056","3,140","7,376","21,505","10,552","7,111","3,842","10,087","5,228","4,859"
Haringey,E09000014,"254,926","154,343","88,424","6,997",370,"58,552","16,548","4,856","2,609","3,738","5,345","24,150","5,945","1,920","4,417","3,744","8,124","47,830","23,037","18,087","6,706","12,055","2,229","9,826"
Islington,E09000019,"206,125","140,515","98,322","8,140",163,"33,890","13,339","4,236","1,912","2,964","4,227","19,034","3,534",951,"4,662","4,457","5,430","26,294","12,622","7,943","5,729","6,943","1,893","5,050"
Kensington and Chelsea,E09000020,"158,649","112,017","62,271","3,715",119,"45,912","8,986","1,695","1,148","3,021","3,122","15,861","2,577",911,836,"3,968","7,569","10,333","5,536","3,257","1,540","11,452","6,455","4,997"
Lambeth,E09000022,"303,086","173,025","118,250","7,456",195,"47,124","23,160","8,302","4,301","3,574","6,983","20,938","4,983","3,072","2,221","4,573","6,089","78,542","35,187","28,886","14,469","7,421","1,728","5,693"
Lewisham,E09000023,"275,885","147,686","114,446","5,206",208,"27,826","20,472","8,539","3,559","3,045","5,329","25,534","4,600","1,596","1,388","6,164","11,786","74,942","32,025","30,854","12,063","7,251","1,456","5,795"
Newham,E09000025,"307,984","89,216","51,516","2,172",462,"35,066","13,945","3,957","3,319","2,677","3,992","133,895","42,484","30,307","37,262","3,930","19,912","60,256","37,811","15,050","7,395","10,672","3,523","7,149"
Southwark,E09000028,"288,283","156,349","114,534","6,222",263,"35,330","17,778","5,677","3,687","3,003","5,411","27,192","5,819","1,623","3,912","8,074","7,764","77,511","47,413","17,974","12,124","9,453","2,440","7,013"
Tower Hamlets,E09000030,"254,096","114,819","79,231","3,863",175,"31,550","10,360","2,837","1,509","2,961","3,053","104,501","6,787","2,442","81,377","8,109","5,786","18,629","9,495","5,341","3,793","5,787","2,573","3,214"
Wandsworth,E09000032,"306,995","219,216","163,739","7,664",163,"47,650","15,241","4,642","2,034","3,887","4,678","33,338","8,642","9,718","1,493","3,715","9,770","32,756","14,818","12,297","5,641","6,444","2,350","4,094"
Westminster,E09000033,"219,396","135,330","77,334","4,960",76,"52,960","11,395","1,869","1,927","3,584","4,015","31,862","7,213","2,328","6,299","5,917","10,105","16,472","9,141","4,449","2,882","24,337","15,724","8,613"
Barking and Dagenham,E09000002,"185,911","108,386","91,949","1,730",182,"14,525","7,878","2,669","2,128","1,246","1,835","29,594","7,436","8,007","7,701","1,315","5,135","37,140","28,685","5,227","3,228","2,913",973,"1,940"
Barnet,E09000003,"356,386","228,553","162,117","8,685",151,"57,600","17,169","3,097","3,112","5,882","5,078","65,918","27,920","5,344","2,215","8,259","22,180","27,431","19,392","4,468","3,571","17,315","5,210","12,105"
Bexley,E09000004,"231,997","189,962","179,250","2,596",624,"7,492","5,395","1,676",983,"1,369","1,367","15,243","7,047",730,777,"2,514","4,175","19,624","15,952","2,381","1,291","1,773",303,"1,470"
Brent,E09000005,"311,215","112,880","55,887","12,320",320,"44,353","15,775","4,291","2,820","3,642","5,022","105,986","58,017","14,381","1,749","3,250","28,589","58,632","24,391","23,723","10,518","17,942","11,430","6,512"
Bromley,E09000006,"309,392","260,870","239,478","4,463",580,"16,349","10,897","3,897","1,335","3,016","2,649","16,067","6,215","1,014","1,265","2,768","4,805","18,686","9,819","6,609","2,258","2,872",870,"2,002"
Croydon,E09000008,"363,378","200,195","171,740","5,369",234,"22,852","23,895","9,650","3,279","5,140","5,826","59,627","24,660","10,865","2,570","3,925","17,607","73,256","28,981","31,320","12,955","6,405","1,701","4,704"
Ealing,E09000009,"338,449","165,818","103,035","10,428",300,"52,055","15,066","3,939","1,989","4,653","4,485","100,439","48,240","14,711","1,786","4,132","31,570","36,860","17,299","13,192","6,369","20,266","9,804","10,462"
Enfield,E09000010,"312,466","190,640","126,450","6,899",344,"56,947","17,183","4,852","2,384","4,189","5,758","34,893","11,648","2,594","5,599","2,588","12,464","53,687","28,222","17,334","8,131","16,063","1,930","14,133"
Greenwich,E09000011,"254,557","159,002","133,130","4,291",430,"21,151","12,274","4,011","2,699","2,361","3,203","29,894","7,836","2,594","1,645","5,061","12,758","48,655","35,164","8,051","5,440","4,732","1,069","3,663"
Harrow,E09000015,"239,056","100,991","73,826","7,336",181,"19,648","9,499","2,344","1,053","3,417","2,685","101,808","63,051","7,797","1,378","2,629","26,953","19,708","8,526","6,812","4,370","7,050","3,708","3,342"
Havering,E09000016,"237,232","207,949","197,615","2,989",160,"7,185","4,933","1,970",712,"1,154","1,097","11,545","5,017","1,492",975,"1,459","2,602","11,481","7,581","2,885","1,015","1,324",311,"1,013"
Hillingdon,E09000017,"273,936","166,031","142,916","5,949",344,"16,822","10,479","2,719","1,409","3,602","2,749","69,253","36,795","9,200","2,639","2,889","17,730","20,082","11,275","4,615","4,192","8,091","2,925","5,166"
Hounslow,E09000018,"253,957","130,505","96,264","4,775",183,"29,283","10,349","2,273","1,730","3,390","2,956","87,257","48,161","13,676","2,189","2,405","20,826","16,813","10,787","3,381","2,645","9,033","3,638","5,395"
Kingston upon Thames,E09000021,"160,060","119,219","101,015","2,718",95,"15,391","6,269","1,238",700,"2,500","1,831","26,152","6,325","3,009",892,"2,883","13,043","4,021","2,616","1,027",378,"4,399","2,439","1,960"
Merton,E09000024,"199,693","129,606","96,658","4,417",216,"28,315","9,334","2,579","1,279","2,829","2,647","36,143","8,106","7,337","2,216","2,618","15,866","20,811","10,442","8,126","2,243","3,799","1,413","2,386"
Redbridge,E09000026,"278,970","118,646","96,253","3,900",140,"18,353","11,456","3,204","1,692","3,251","3,309","116,503","45,660","31,051","16,011","3,000","20,781","24,845","12,357","9,064","3,424","7,520","1,551","5,969"
Richmond upon Thames,E09000027,"186,990","160,725","133,582","4,766",95,"22,282","6,780","1,250",731,"2,857","1,942","13,607","5,202","1,163",867,"1,753","4,622","2,816","1,643",840,333,"3,062","1,172","1,890"
Sutton,E09000029,"190,146","149,449","134,854","3,219",193,"11,183","7,134","2,298",838,"2,286","1,712","22,035","6,454","2,595","1,183","2,240","9,563","9,120","5,471","2,742",907,"2,408",976,"1,432"
Waltham Forest,E09000031,"258,249","134,799","92,999","3,959",369,"37,472","13,766","4,568","2,403","2,602","4,193","54,389","9,134","26,347","4,632","2,579","11,697","44,791","18,815","18,841","7,135","10,504","3,776","6,728"
Bracknell Forest,E06000036,"113,205","102,554","96,080",984,118,"5,372","2,303",656,297,808,542,"5,664","1,989",518,134,556,"2,467","2,189","1,586",402,201,495,201,294
Brighton and Hove,E06000043,"273,369","243,512","220,018","3,772",198,"19,524","10,408","2,182","2,019","3,351","2,856","11,278","2,996",649,"1,367","2,999","3,267","4,188","2,893",879,416,"3,983","2,184","1,799"
Isle of Wight,E06000046,"138,265","134,545","131,099",747,94,"2,605","1,709",507,123,738,341,"1,514",435,80,131,219,649,303,141,115,47,194,52,142
Medway,E06000035,"263,925","236,579","225,654","1,946",510,"8,469","5,176","1,730",735,"1,546","1,165","13,615","7,132","1,516","1,304","1,065","2,598","6,663","4,742","1,428",493,"1,892",517,"1,375"
Milton Keynes,E06000042,"248,821","199,094","183,934","2,498",72,"12,590","8,235","2,243","1,597","2,228","2,167","22,782","8,106","3,851","1,989","2,722","6,114","17,131","13,058","2,524","1,549","1,579",565,"1,014"
Portsmouth,E06000044,"205,056","181,182","172,313","1,071",85,"7,713","5,467","1,103",935,"2,381","1,048","12,474","2,911",539,"3,649","2,611","2,764","3,777","2,958",540,279,"2,156","1,078","1,078"
Reading,E06000038,"155,698","116,387","101,725","2,269",90,"12,303","6,180","2,718",802,"1,428","1,232","21,161","6,514","6,967",695,"1,603","5,382","10,470","6,087","3,279","1,104","1,500",680,820
Slough,E06000039,"140,205","64,053","48,401","1,607",220,"13,825","4,758","1,667",607,"1,429","1,055","55,697","21,922","24,869",549,797,"7,560","12,115","7,548","3,096","1,471","3,582",928,"2,654"
Southampton,E06000045,"236,882","203,528","183,980","1,746",341,"17,461","5,678","1,678",941,"1,796","1,263","19,892","6,742","3,019","1,401","3,449","5,281","5,067","3,508","1,132",427,"2,717","1,312","1,405"
West Berkshire,E06000037,"153,822","145,854","139,044","1,284",164,"5,362","2,420",776,262,831,551,"3,808","1,675",473,225,659,776,"1,376",701,514,161,364,139,225
Windsor and Maidenhead,E06000040,"144,560","124,505","112,081","2,055",219,"10,150","3,315",679,358,"1,399",879,"13,848","5,860","4,238",393,"1,071","2,286","1,725","1,039",473,213,"1,167",379,788
Wokingham,E06000041,"154,380","136,525","129,119","1,367",291,"5,748","3,182",890,337,"1,273",682,"11,438","5,331","2,865",222,"1,203","1,817","2,093","1,203",712,178,"1,142",500,642
Buckinghamshire,E10000002,"505,283","436,670","409,793","5,377",614,"20,886","12,360","4,573","1,098","4,125","2,564","43,269","11,368","21,236","1,089","2,554","7,022","10,490","4,032","5,175","1,283","2,494",853,"1,641"
East Sussex,E10000011,"526,671","505,422","482,769","3,966",815,"17,872","7,473","1,947","1,023","2,584","1,919","9,143","2,253",317,"1,042","1,931","3,600","2,912","1,800",771,341,"1,721",638,"1,083"
Hampshire,E10000014,"1,317,788","1,252,123","1,209,405","7,361","2,069","33,288","18,051","4,800","2,340","6,880","4,031","35,356","10,731","1,803","2,143","5,605","15,074","8,298","5,090","2,180","1,028","3,960","1,262","2,698"
Kent,E10000016,"1,463,740","1,371,102","1,303,558","10,239","4,685","52,620","22,107","6,266","2,997","7,520","5,324","47,614","18,136","2,406","3,381","5,978","17,713","16,216","11,523","3,293","1,400","6,701","1,535","5,166"
Oxfordshire,E10000025,"653,798","594,004","546,801","6,291",623,"40,289","13,233","3,759","1,557","4,521","3,396","31,657","8,140","7,846","2,491","5,618","7,562","11,424","7,039","3,070","1,315","3,480","1,358","2,122"
Surrey,E10000030,"1,132,390","1,023,682","945,673","13,012","2,261","62,736","23,554","4,920","2,736","9,657","6,241","63,498","20,232","10,818","3,400","9,461","19,587","12,430","7,828","3,303","1,299","9,226","4,101","5,125"
West Sussex,E10000032,"806,892","756,499","717,551","5,979","1,073","31,896","12,155","2,886","2,061","4,269","2,939","28,334","9,659","5,236","2,346","2,960","8,133","7,146","4,569","1,339","1,238","2,758","1,081","1,677"
Bath and North East Somerset,E06000022,"176,016","166,473","158,640","1,146",58,"6,629","2,898",951,292,954,701,"4,577","1,116",170,219,"1,912","1,160","1,326",499,672,155,742,375,367
Bournemouth,E06000028,"183,491","168,797","153,752","1,355",218,"13,472","4,191","1,043",601,"1,396","1,151","7,066","1,940",213,408,"1,840","2,665","1,764","1,208",380,176,"1,673",693,980
"Bristol, City of",E06000023,"428,234","359,592","333,432","3,851",359,"21,950","15,438","7,389","1,533","3,402","3,114","23,655","6,547","6,863","2,104","3,886","4,255","25,734","12,085","6,727","6,922","3,815","1,272","2,543"
Cornwall,E06000052,"532,273","522,848","509,628","2,046",635,"10,539","4,400","1,248",490,"1,553","1,109","3,434",837,107,280,"1,004","1,206",762,292,368,102,829,189,640
Isles of Scilly,E06000053,"2,203","2,177","2,087",10,0,80,18,3,3,9,3,2,0,0,0,0,2,2,1,1,0,4,0,4
North Somerset,E06000024,"202,566","197,076","190,553","1,113",176,"5,234","2,033",681,256,698,398,"2,436",817,111,299,619,590,632,383,188,61,389,127,262
Plymouth,E06000026,"256,384","246,509","238,263","1,105",153,"6,988","3,287",904,523,"1,028",832,"3,906",875,202,359,"1,251","1,219","1,678","1,106",343,229,"1,004",399,605
Poole,E06000029,"147,645","141,523","135,698",756,214,"4,855","1,916",491,246,680,499,"3,276","1,098",96,382,698,"1,002",520,329,119,72,410,127,283
South Gloucestershire,E06000025,"262,767","249,574","241,611","1,223",271,"6,469","3,667","1,516",396,"1,016",739,"6,440","2,699",698,238,"1,312","1,493","2,218",987,980,251,868,366,502
Swindon,E06000030,"209,156","187,898","177,028","1,852",180,"8,838","4,226","1,506",568,"1,163",989,"13,365","6,901","1,292",936,954,"3,282","2,861","1,718",807,336,806,188,618
Torbay,E06000027,"130,959","127,699","124,162",657,37,"2,843","1,420",440,195,443,342,"1,353",403,79,99,261,511,251,140,73,38,236,100,136
Wiltshire,E06000054,"470,981","454,971","439,725","2,381",757,"12,108","5,568","1,968",656,"1,667","1,277","6,178","1,547",215,595,"1,210","2,611","3,228","1,418","1,151",659,"1,036",288,748
Devon,E10000008,"746,399","728,073","708,590","3,130",554,"15,799","6,520","1,750",787,"2,429","1,554","8,710","1,873",280,570,"3,195","2,792","1,413",845,421,147,"1,683",913,770
Dorset,E10000009,"412,905","404,317","394,350","1,975",555,"7,437","3,400",952,431,"1,212",805,"3,833",737,151,525,943,"1,477",924,518,295,111,431,116,315
Gloucestershire,E10000013,"596,984","569,647","546,599","3,759",731,"18,558","8,661","3,627",923,"2,353","1,758","12,433","5,729",942,960,"1,911","2,891","5,150","2,090","2,313",747,"1,093",364,729
Somerset,E10000027,"529,972","519,255","501,558","2,257",733,"14,707","4,241","1,200",650,"1,407",984,"4,873","1,069",203,442,"1,247","1,912","1,013",607,291,115,590,175,415
Isle of Anglesey,W06000001,"69,751","68,520","67,349",476,65,630,480,180,41,180,79,491,135,33,53,153,117,81,50,25,6,179,134,45
Gwynedd,W06000002,"121,874","117,573","115,072",570,153,"1,778",964,287,126,332,219,"2,170",461,220,176,905,408,289,195,70,24,878,700,178
Conwy,W06000003,"115,228","112,549","109,911",840,65,"1,733",894,294,124,275,201,"1,252",317,101,134,376,324,199,114,54,31,334,200,134
Denbighshire,W06000004,"93,734","91,254","89,581",533,34,"1,106",751,251,80,269,151,"1,430",240,157,111,346,576,161,104,35,22,138,39,99
Flintshire,W06000005,"152,506","150,161","146,185",693,95,"3,188",851,267,121,258,205,"1,201",296,87,223,323,272,142,88,42,12,151,50,101
Wrexham,W06000006,"134,844","130,647","125,477",492,104,"4,574","1,010",264,180,326,240,"2,321",857,181,206,426,651,625,526,57,42,241,96,145
Powys,W06000023,"132,976","130,827","127,773",502,128,"2,424",760,208,82,294,176,"1,142",145,9,67,171,750,132,42,70,20,115,23,92
Ceredigion,W06000008,"75,922","73,443","70,717",478,74,"2,174",736,198,75,251,212,"1,099",367,81,91,322,238,266,164,86,16,378,197,181
Pembrokeshire,W06000009,"122,439","120,121","117,092",834,454,"1,741",733,234,78,261,160,"1,192",341,69,103,205,474,179,94,44,41,214,61,153
Carmarthenshire,W06000010,"183,777","180,323","175,591",754,335,"3,643","1,033",326,118,364,225,"1,837",563,159,117,298,700,279,115,115,49,305,132,173
Swansea,W06000011,"239,023","224,697","218,655","1,101",85,"4,856","2,160",548,280,781,551,"7,803","1,477",591,"1,944","2,052","1,739","1,983","1,707",172,104,"2,380","1,694",686
Neath Port Talbot,W06000012,"139,812","137,087","135,450",474,125,"1,038",910,384,75,262,189,"1,369",280,125,311,280,373,299,97,175,27,147,53,94
Bridgend,W06000013,"139,178","136,090","133,656",474,63,"1,897",998,338,120,264,276,"1,549",337,122,114,356,620,315,152,121,42,226,75,151
Vale of Glamorgan,W06000014,"126,336","121,838","119,212",639,21,"1,966","1,695",629,247,431,388,"1,967",566,216,121,454,610,489,165,252,72,347,174,173
Cardiff,W06000015,"346,090","293,114","277,798","2,547",521,"12,248","10,031","3,641","1,742","2,459","2,189","27,885","7,886","6,354","4,838","4,168","4,639","8,201","5,213","1,322","1,666","6,859","4,707","2,152"
Rhondda Cynon Taff,W06000016,"234,410","228,241","225,716",582,53,"1,890","1,506",550,192,420,344,"3,030",656,267,106,"1,065",936,"1,308","1,140",99,69,325,160,165
Merthyr Tydfil,W06000024,"58,802","57,391","55,635",122,62,"1,572",462,154,46,151,111,696,168,50,45,120,313,143,118,10,15,110,32,78
Caerphilly,W06000018,"178,806","175,845","173,899",402,31,"1,513","1,174",454,147,296,277,"1,346",327,123,32,495,369,242,121,112,9,199,67,132
Blaenau Gwent,W06000019,"69,814","68,750","67,954",102,72,622,394,163,36,106,89,485,202,39,26,122,96,95,56,33,6,90,12,78
Torfaen,W06000020,"91,075","89,231","88,209",307,155,560,603,237,103,138,125,977,172,64,80,208,453,169,47,88,34,95,14,81
Monmouthshire,W06000021,"91,323","89,526","87,762",395,6,"1,363",624,174,51,232,167,900,245,54,40,193,368,144,80,45,19,129,69,60
Newport,W06000022,"145,736","131,025","126,756",769,84,"3,416","2,752","1,318",360,669,405,"7,986","1,218","3,127","1,749",600,"1,292","2,535","1,499",782,254,"1,438",926,512
,,,,,,,,,,,,,,,,,,,,,,,,,
,,,,,,,,,,,,,,,,,,,,,,,,,
,,,,,,,,,,,,,,,,,,,,,,,,,
,,,,,,,,,,,,,,,,,,,,,,,,,
,,,,,,,,,,,,,,,,,,,,,,,,,
,,,,,,,,,,,,,,,,,,,,,,,,,
,,,,,,,,,,,,,,,,,,,,,,,,,
,,,,,,,,,,,,,,,,,,,,,,,,,
,,,,,,,,,,,,,,,,,,,,,,,,,
,,,,,,,,,,,,,,,,,,,,,,,,,